group_id	category	primary_name	other_name	primary_size	other_size	size_ratio	primary_dim	other_dim	primary_path	other_path
8082	default_camera:adjacent_id	dsc00758.arw	defaultdsc00759.arw	36532224	34667	1053.8	7028x4688	600x400	repo/2023/06/11/DSC00758.ARW	repo/2025/03/17/defaultdsc00759.arw
8923	default_camera:adjacent_id	dsc00940.arw	defaultdsc00941.arw	36491264	36882	989.41	7028x4688	600x400	repo/2024/02/15/DSC00940.ARW	repo/2025/03/17/defaultdsc00941.arw
8673	default_camera:adjacent_id	dsc01324.arw	defaultdsc01325.arw	34967552	36604	955.29	7028x4688	600x400	repo/2024/06/11/DSC01324.ARW	repo/2025/03/17/defaultdsc01325.arw
8926	default_camera:adjacent_id	dsc00947.arw	defaultdsc00945.arw	36483072	38642	944.13	7028x4688	600x400	repo/2024/02/15/DSC00947.ARW	repo/2025/03/17/defaultdsc00945.arw
8926	default_camera:adjacent_id	dsc00947.arw	defaultdsc00946.arw	36483072	39057	934.1	7028x4688	600x400	repo/2024/02/15/DSC00947.ARW	repo/2025/03/17/defaultdsc00946.arw
8928	default_camera:adjacent_id	dsc00953.arw	defaultdsc00954.arw	35803136	38415	932.01	7028x4688	600x400	repo/2024/02/15/DSC00953.ARW	repo/2025/03/17/defaultdsc00954.arw
8979	default_camera:adjacent_id	dsc01060.arw	defaultdsc01062.arw	37535744	42682	879.43	7028x4688	600x400	repo/2024/05/18/DSC01060.ARW	repo/2025/03/17/defaultdsc01062.arw
8925	default_camera:adjacent_id	dsc00944.arw	defaultdsc00943.arw	36659200	41739	878.3	7028x4688	600x400	repo/2024/02/15/DSC00944.ARW	repo/2025/03/17/defaultdsc00943.arw
8925	default_camera:adjacent_id	dsc00944.arw	defaultdsc00942.arw	36659200	42021	872.4	7028x4688	600x400	repo/2024/02/15/DSC00944.ARW	repo/2025/03/17/defaultdsc00942.arw
8675	default_camera:adjacent_id	dsc01327.arw	defaultdsc01326.arw	35074048	40376	868.69	7028x4688	600x400	repo/2024/06/11/DSC01327.ARW	repo/2025/03/17/defaultdsc01326.arw
8924	default_camera:adjacent_id	dsc00935.arw	defaultdsc00934.arw	38465536	44788	858.84	7028x4688	600x400	repo/2024/02/09/DSC00935.ARW	repo/2025/03/17/defaultdsc00934.arw
8712	default_camera:adjacent_id	dsc01750.arw	defaultdsc01749.arw	36007936	43432	829.06	7028x4688	600x400	repo/2024/06/13/DSC01750.ARW	repo/2025/03/17/defaultdsc01749.arw
9062	default_camera:adjacent_id	dsc01183.arw	defaultdsc01181.jpg	37244928	46851	794.97	7028x4688	598x400	repo/2024/06/10/DSC01183.ARW	repo/2025/03/17/defaultdsc01181.jpg
9062	default_camera:adjacent_id	dsc01183.arw	defaultdsc01181.arw	37244928	47888	777.75	7028x4688	600x400	repo/2024/06/10/DSC01183.ARW	repo/2025/03/17/defaultdsc01181.arw
9120	default_camera:adjacent_id	dsc01270.arw	defaultdsc01268.jpg	35721216	46463	768.81	7028x4688	598x400	repo/2024/06/10/DSC01270.ARW	repo/2025/03/17/defaultdsc01268.jpg
8073	default_camera:adjacent_id	dsc00752.arw	defaultdsc00750.arw	37289984	49385	755.09	7028x4688	600x400	repo/2023/06/11/DSC00752.ARW	repo/2025/03/17/defaultdsc00750.arw
9120	default_camera:adjacent_id	dsc01270.arw	defaultdsc01268.arw	35721216	47404	753.55	7028x4688	600x400	repo/2024/06/10/DSC01270.ARW	repo/2025/03/17/defaultdsc01268.arw
9122	default_camera:adjacent_id	dsc01272.arw	defaultdsc01273.jpg	36577280	50002	731.52	7028x4688	598x400	repo/2024/06/10/DSC01272.ARW	repo/2025/03/17/defaultdsc01273.jpg
8970	default_camera:adjacent_id	dsc01610.arw	defaultdsc01611.arw	40763392	56340	723.52	7028x4688	600x400	repo/2024/06/12/DSC01610.ARW	repo/2025/03/17/defaultdsc01611.arw
9122	default_camera:adjacent_id	dsc01272.arw	defaultdsc01273.arw	36577280	50889	718.77	7028x4688	600x400	repo/2024/06/10/DSC01272.ARW	repo/2025/03/17/defaultdsc01273.arw
8662	default_camera:adjacent_id	dsc01294.arw	defaultdsc01293.arw	35635200	54689	651.6	7028x4688	600x400	repo/2024/06/11/DSC01294.ARW	repo/2025/03/17/defaultdsc01293.arw
8668	default_camera:adjacent_id	dsc01314.arw	defaultdsc01312.arw	36192256	58647	617.12	7028x4688	600x400	repo/2024/06/11/DSC01314.ARW	repo/2025/03/17/defaultdsc01312.arw
8668	default_camera:adjacent_id	dsc01314.arw	defaultdsc01313.arw	36192256	58934	614.12	7028x4688	600x400	repo/2024/06/11/DSC01314.ARW	repo/2025/03/17/defaultdsc01313.arw
8793	default_camera:adjacent_id	dsc01506.arw	defaultdsc01507.arw	39587840	71881	550.74	7028x4688	600x400	repo/2024/06/11/DSC01506.ARW	repo/2025/03/17/defaultdsc01507.arw
8948	default_camera:adjacent_id	dsc01004.arw	defaultdsc01003.jpg	36950016	67789	545.07	7028x4688	598x400	repo/2024/03/31/DSC01004.ARW	repo/2025/03/17/defaultdsc01003.jpg
8948	default_camera:adjacent_id	dsc01004.arw	defaultdsc01003.arw	36950016	68997	535.53	7028x4688	600x400	repo/2024/03/31/DSC01004.ARW	repo/2025/03/17/defaultdsc01003.arw
8964	default_camera:adjacent_id	dsc01026.arw	defaultdsc01027.arw	35889152	69291	517.95	7028x4688	600x400	repo/2024/03/31/DSC01026.ARW	repo/2025/03/17/defaultdsc01027.arw
8766	default_camera:adjacent_id	dsc01472.arw	defaultdsc01471.jpg	41811968	90947	459.74	7028x4688	598x400	repo/2024/06/11/DSC01472.ARW	repo/2025/03/17/defaultdsc01471.jpg
9088	default_camera:adjacent_id	dsc01214.arw	defaultdsc01212.jpg	39981056	92374	432.82	7028x4688	598x400	repo/2024/06/10/DSC01214.ARW	repo/2025/03/17/defaultdsc01212.jpg
9088	default_camera:adjacent_id	dsc01214.arw	defaultdsc01213.jpg	39981056	92534	432.07	7028x4688	598x400	repo/2024/06/10/DSC01214.ARW	repo/2025/03/17/defaultdsc01213.jpg
8958	default_camera:adjacent_id	dsc01019.arw	defaultdsc01018.jpg	36937728	85881	430.1	7028x4688	598x400	repo/2024/03/31/DSC01019.ARW	repo/2025/03/17/defaultdsc01018.jpg
9088	default_camera:adjacent_id	dsc01214.arw	defaultdsc01212.arw	39981056	94753	421.95	7028x4688	600x400	repo/2024/06/10/DSC01214.ARW	repo/2025/03/17/defaultdsc01212.arw
8958	default_camera:adjacent_id	dsc01019.arw	defaultdsc01018.arw	36937728	87599	421.67	7028x4688	600x400	repo/2024/03/31/DSC01019.ARW	repo/2025/03/17/defaultdsc01018.arw
9088	default_camera:adjacent_id	dsc01214.arw	defaultdsc01213.arw	39981056	94990	420.9	7028x4688	600x400	repo/2024/06/10/DSC01214.ARW	repo/2025/03/17/defaultdsc01213.arw
9113	default_camera:adjacent_id	dsc01246.arw	defaultdsc01245.jpg	41119744	101574	404.83	7028x4688	598x400	repo/2024/06/10/DSC01246.ARW	repo/2025/03/17/defaultdsc01245.jpg
9113	default_camera:adjacent_id	dsc01246.arw	defaultdsc01245.arw	41119744	104142	394.84	7028x4688	600x400	repo/2024/06/10/DSC01246.ARW	repo/2025/03/17/defaultdsc01245.arw
8968	default_camera:adjacent_id	dsc01036.arw	defaultdsc01035.arw	39239680	103936	377.54	7028x4688	600x400	repo/2024/03/31/DSC01036.ARW	repo/2025/03/17/defaultdsc01035.arw
9074	default_camera:adjacent_id	dsc01195.arw	defaultdsc01194.jpg	39903232	106311	375.34	7028x4688	598x400	repo/2024/06/10/DSC01195.ARW	repo/2025/03/17/defaultdsc01194.jpg
8968	default_camera:adjacent_id	dsc01036.arw	defaultdsc01037.arw	39239680	105993	370.21	7028x4688	600x400	repo/2024/03/31/DSC01036.ARW	repo/2025/03/17/defaultdsc01037.arw
9074	default_camera:adjacent_id	dsc01195.arw	defaultdsc01194.arw	39903232	108679	367.17	7028x4688	600x400	repo/2024/06/10/DSC01195.ARW	repo/2025/03/17/defaultdsc01194.arw
8767	default_camera:adjacent_id	dsc01474.arw	defaultdsc01476.jpg	40689664	111750	364.11	7028x4688	598x400	repo/2024/06/11/DSC01474.ARW	repo/2025/03/17/defaultdsc01476.jpg
9076	default_camera:adjacent_id	dsc01198.arw	defaultdsc01197.jpg	40964096	113883	359.7	7028x4688	598x400	repo/2024/06/10/DSC01198.ARW	repo/2025/03/17/defaultdsc01197.jpg
9076	default_camera:adjacent_id	dsc01198.arw	defaultdsc01196.jpg	40964096	114135	358.91	7028x4688	598x400	repo/2024/06/10/DSC01198.ARW	repo/2025/03/17/defaultdsc01196.jpg
8767	default_camera:adjacent_id	dsc01474.arw	defaultdsc01476.arw	40689664	114095	356.63	7028x4688	600x400	repo/2024/06/11/DSC01474.ARW	repo/2025/03/17/defaultdsc01476.arw
9076	default_camera:adjacent_id	dsc01198.arw	defaultdsc01197.arw	40964096	116460	351.74	7028x4688	600x400	repo/2024/06/10/DSC01198.ARW	repo/2025/03/17/defaultdsc01197.arw
9076	default_camera:adjacent_id	dsc01198.arw	defaultdsc01196.arw	40964096	116518	351.57	7028x4688	600x400	repo/2024/06/10/DSC01198.ARW	repo/2025/03/17/defaultdsc01196.arw
2182	default_shotwell:adjacent_id	img_2015_cr2_shotwell.jpg	defaultimg_2014_cr2_shotwell.jpg	3214741	10533	305.21	5208x3476	599x400	repo/2013/05/12/IMG_2015_CR2_shotwell.jpg	repo/.photo-org/trash/group-2182/defaultimg_2014_cr2_shotwell.jpg
2182	default_embedded:adjacent_id	img_2015_cr2_shotwell.jpg	defaultimg_2014_cr2_embedded.jpg	3214741	12482	257.55	5208x3476	600x400	repo/2013/05/12/IMG_2015_CR2_shotwell.jpg	repo/.photo-org/trash/group-2182/defaultimg_2014_cr2_embedded.jpg
7767	timestamp_rendition:adjacent_id	img_20230415_212123.jpg	20230415-212118.jpg	11397353	62395	182.66	3000x4000	400x533	repo/2023/04/15/IMG_20230415_212123.jpg	repo/2023/04/15/20230415-212118.jpg
7767	timestamp_rendition:adjacent_id	img_20230415_212123.jpg	20230415-212119.jpg	11397353	69044	165.07	3000x4000	400x533	repo/2023/04/15/IMG_20230415_212123.jpg	repo/2023/04/15/20230415-212119.jpg
8585	timestamp_rendition:adjacent_id	img_20191124_141043.jpg	20191124-141038.jpg	8849422	65914	134.26	4000x3000	533x400	repo/2019/11/24/IMG_20191124_141043.jpg	repo/2019/11/24/20191124-141038.jpg
4920	default_shotwell:adjacent_id	img_5739_cr2_shotwell.jpg	defaultimg_5738_cr2_shotwell.jpg	1489459	13640	109.2	5208x3476	599x400	repo/2013/10/17/IMG_5739_CR2_shotwell.jpg	repo/2025/03/17/defaultimg_5738_cr2_shotwell.jpg
7078	default_camera:adjacent_id	dsci4377.jpg	defaultdsci4376.jpg	3169988	38295	82.78	4608x3456	533x400	repo/2013/04/13/DSCI4377.JPG	repo/2025/03/17/defaultdsci4376.jpg
7081	default_camera:adjacent_id	dsci4379.jpg	defaultdsci4378.jpg	3230680	47439	68.1	4608x3456	533x400	repo/2013/04/13/DSCI4379.JPG	repo/2025/03/17/defaultdsci4378.jpg
2683	default_embedded:adjacent_id	img_2543_cr2_embedded_1_1.jpg	defaultimg_2544_cr2_embedded.jpg	3225343	48359	66.7	5184x3456	600x400	repo/2015/10/01/IMG_2543_CR2_embedded_1_1.jpg	repo/.photo-org/trash/group-2683/defaultimg_2544_cr2_embedded.jpg
7053	default_camera:adjacent_id	dsci4342.jpg	defaultdsci4341.jpg	3549434	59401	59.75	4608x3456	533x400	repo/2013/04/13/DSCI4342.JPG	repo/2025/03/17/defaultdsci4341.jpg
5771	default_shotwell:adjacent_id	img_7482_cr2_shotwell.jpg	defaultimg_7483_cr2_shotwell.jpg	2460533	41592	59.16	5208x3476	599x400	repo/2013/11/22/IMG_7482_CR2_shotwell.jpg	repo/2025/03/17/defaultimg_7483_cr2_shotwell.jpg
9137	default_camera:adjacent_id	dscf2568.jpg	defaultdscf2567.jpg	3131610	55819	56.1	4000x3000	533x400	repo/2014/10/18/dscf2568.jpg	repo/2025/03/17/defaultdscf2567.jpg
4453	default_shotwell:adjacent_id	img_5145_cr2_shotwell.jpg	defaultimg_5146_cr2_shotwell.jpg	2356386	43750	53.86	5208x3476	599x400	repo/2019/04/06/IMG_5145_CR2_shotwell.jpg	repo/2025/03/17/defaultimg_5146_cr2_shotwell.jpg
5782	default_shotwell:adjacent_id	img_7497_cr2_shotwell.jpg	defaultimg_7498_cr2_shotwell.jpg	2644703	49385	53.55	5208x3476	599x400	repo/2013/11/22/IMG_7497_CR2_shotwell.jpg	repo/2025/03/17/defaultimg_7498_cr2_shotwell.jpg
4453	default_shotwell:adjacent_id	img_5145_cr2_shotwell.jpg	defaultimg_5147_cr2_shotwell.jpg	2356386	44009	53.54	5208x3476	599x400	repo/2019/04/06/IMG_5145_CR2_shotwell.jpg	repo/2025/03/17/defaultimg_5147_cr2_shotwell.jpg
4410	default_shotwell:adjacent_id	img_5094_cr2_shotwell.jpg	defaultimg_5093_cr2_shotwell.jpg	3229454	62203	51.92	5208x3476	599x400	repo/2019/04/05/IMG_5094_CR2_shotwell.jpg	repo/2025/03/17/defaultimg_5093_cr2_shotwell.jpg
5723	default_shotwell:adjacent_id	img_7445_cr2_embedded.jpg	defaultimg_7447_cr2_shotwell.jpg	3501191	69043	50.71	5184x3456	599x400	repo/2013/11/22/IMG_7445_CR2_embedded.jpg	repo/2025/03/17/defaultimg_7447_cr2_shotwell.jpg
4806	default_shotwell:adjacent_id	img_5586_cr2_embedded.jpg	defaultimg_5585_cr2_shotwell.jpg	3652001	72803	50.16	5184x3456	599x400	repo/2013/10/02/IMG_5586_CR2_embedded.jpg	repo/2025/03/17/defaultimg_5585_cr2_shotwell.jpg
2770	default_embedded:adjacent_id	img_2604_cr2_embedded_1_1.jpg	defaultimg_2603_cr2_embedded_1_1.jpg	3641378	72758	50.05	5184x3456	600x400	repo/2015/10/01/IMG_2604_CR2_embedded_1_1.jpg	repo/.photo-org/trash/group-2770/defaultimg_2603_cr2_embedded_1_1.jpg
5723	default_shotwell:adjacent_id	img_7445_cr2_embedded.jpg	defaultimg_7444_cr2_shotwell.jpg	3501191	70736	49.5	5184x3456	599x400	repo/2013/11/22/IMG_7445_CR2_embedded.jpg	repo/2025/03/17/defaultimg_7444_cr2_shotwell.jpg
4927	default_camera:adjacent_id	img_5751_cr2_embedded.jpg	defaultimg_5752-2.cr2	2478225	50702	48.88	5184x3456	600x400	repo/2021/02/13/IMG_5751_CR2_embedded.jpg	repo/2025/03/17/defaultimg_5752-2.cr2
2770	default_embedded:adjacent_id	img_2604_cr2_embedded_1_1.jpg	defaultimg_2605_cr2_embedded.jpg	3641378	74524	48.86	5184x3456	600x400	repo/2015/10/01/IMG_2604_CR2_embedded_1_1.jpg	repo/.photo-org/trash/group-2770/defaultimg_2605_cr2_embedded.jpg
4925	default_camera:adjacent_id	img_5747_cr2_embedded.jpg	defaultimg_5746-2.cr2	2192612	46553	47.1	5184x3456	600x400	repo/2021/02/13/IMG_5747_CR2_embedded.jpg	repo/2025/03/17/defaultimg_5746-2.cr2
5738	default_shotwell:adjacent_id	img_7464_cr2_embedded.jpg	defaultimg_7466_cr2_shotwell.jpg	3622194	78309	46.26	5184x3456	599x400	repo/2013/11/22/IMG_7464_CR2_embedded.jpg	repo/2025/03/17/defaultimg_7466_cr2_shotwell.jpg
4927	default_camera:adjacent_id	img_5751_cr2_embedded.jpg	defaultimg_5753-2.cr2	2478225	54384	45.57	5184x3456	600x400	repo/2021/02/13/IMG_5751_CR2_embedded.jpg	repo/2025/03/17/defaultimg_5753-2.cr2
5738	default_shotwell:adjacent_id	img_7464_cr2_embedded.jpg	defaultimg_7465_cr2_shotwell.jpg	3622194	80573	44.96	5184x3456	599x400	repo/2013/11/22/IMG_7464_CR2_embedded.jpg	repo/2025/03/17/defaultimg_7465_cr2_shotwell.jpg
5771	default_embedded:adjacent_id	img_7482_cr2_shotwell.jpg	defaultimg_7483_cr2_embedded.jpg	2460533	55043	44.7	5208x3476	600x400	repo/2013/11/22/IMG_7482_CR2_shotwell.jpg	repo/2025/03/17/defaultimg_7483_cr2_embedded.jpg
2752	default_embedded:adjacent_id	img_2589_cr2_embedded_1.jpg	defaultimg_2588_cr2_embedded_1_1.jpg	3375483	76776	43.97	5184x3456	600x400	repo/2015/10/01/IMG_2589_CR2_embedded_1.jpg	repo/.photo-org/trash/group-2752/defaultimg_2588_cr2_embedded_1_1.jpg
2741	default_embedded:adjacent_id	img_2583_cr2_embedded_1_1.jpg	defaultimg_2582_cr2_embedded_1_1.jpg	3253705	74403	43.73	5184x3456	600x400	repo/2015/10/01/IMG_2583_CR2_embedded_1_1.jpg	repo/.photo-org/trash/group-2741/defaultimg_2582_cr2_embedded_1_1.jpg
5732	default_shotwell:adjacent_id	img_7455_cr2_embedded_1.jpg	defaultimg_7454_cr2_shotwell.jpg	3849406	88558	43.47	5184x3456	599x400	repo/2013/11/22/IMG_7455_CR2_embedded_1.jpg	repo/2025/03/17/defaultimg_7454_cr2_shotwell.jpg
5042	default_shotwell:adjacent_id	img_7422_cr2_shotwell.jpg	defaultimg_7421_cr2_shotwell.jpg	3162528	73351	43.11	5208x3476	599x400	repo/2013/11/22/IMG_7422_CR2_shotwell.jpg	repo/2025/03/17/defaultimg_7421_cr2_shotwell.jpg
5735	default_shotwell:adjacent_id	img_7460_cr2_embedded.jpg	defaultimg_7461_cr2_shotwell.jpg	4194771	98548	42.57	5184x3456	599x400	repo/2013/11/22/IMG_7460_CR2_embedded.jpg	repo/2025/03/17/defaultimg_7461_cr2_shotwell.jpg
5735	default_shotwell:adjacent_id	img_7460_cr2_embedded.jpg	defaultimg_7459_cr2_shotwell.jpg	4194771	99076	42.34	5184x3456	599x400	repo/2013/11/22/IMG_7460_CR2_embedded.jpg	repo/2025/03/17/defaultimg_7459_cr2_shotwell.jpg
5735	default_shotwell:adjacent_id	img_7460_cr2_embedded.jpg	defaultimg_7458_cr2_shotwell.jpg	4194771	99186	42.29	5184x3456	599x400	repo/2013/11/22/IMG_7460_CR2_embedded.jpg	repo/2025/03/17/defaultimg_7458_cr2_shotwell.jpg
5723	default_embedded:adjacent_id	img_7445_cr2_embedded.jpg	defaultimg_7447_cr2_embedded.jpg	3501191	85158	41.11	5184x3456	600x400	repo/2013/11/22/IMG_7445_CR2_embedded.jpg	repo/2025/03/17/defaultimg_7447_cr2_embedded.jpg
5094	default_shotwell:adjacent_id	img_7426_cr2_embedded.jpg	defaultimg_7424_cr2_shotwell.jpg	3822297	94869	40.29	5184x3456	599x400	repo/2013/11/22/IMG_7426_CR2_embedded.jpg	repo/2025/03/17/defaultimg_7424_cr2_shotwell.jpg
5723	default_embedded:adjacent_id	img_7445_cr2_embedded.jpg	defaultimg_7444_cr2_embedded.jpg	3501191	87149	40.17	5184x3456	600x400	repo/2013/11/22/IMG_7445_CR2_embedded.jpg	repo/2025/03/17/defaultimg_7444_cr2_embedded.jpg
5782	default_embedded:adjacent_id	img_7497_cr2_shotwell.jpg	defaultimg_7498_cr2_embedded.jpg	2644703	65848	40.16	5208x3476	600x400	repo/2013/11/22/IMG_7497_CR2_shotwell.jpg	repo/2025/03/17/defaultimg_7498_cr2_embedded.jpg
2115	default_embedded:adjacent_id	img_1955_cr2_embedded.jpg	defaultimg_1954_cr2_embedded.jpg	2600242	67455	38.55	5184x3456	600x400	repo/2014/12/14/img_1955_cr2_embedded.jpg	repo/.photo-org/trash/group-2115/defaultimg_1954_cr2_embedded.jpg
5094	default_shotwell:adjacent_id	img_7426_cr2_embedded.jpg	defaultimg_7425_cr2_shotwell.jpg	3822297	99488	38.42	5184x3456	599x400	repo/2013/11/22/IMG_7426_CR2_embedded.jpg	repo/2025/03/17/defaultimg_7425_cr2_shotwell.jpg
4806	default_embedded:adjacent_id	img_5586_cr2_embedded.jpg	defaultimg_5585_cr2_embedded.jpg	3652001	99566	36.68	5184x3456	600x400	repo/2013/10/02/IMG_5586_CR2_embedded.jpg	repo/2025/03/17/defaultimg_5585_cr2_embedded.jpg
5738	default_embedded:adjacent_id	img_7464_cr2_embedded.jpg	defaultimg_7466_cr2_embedded.jpg	3622194	101914	35.54	5184x3456	600x400	repo/2013/11/22/IMG_7464_CR2_embedded.jpg	repo/2025/03/17/defaultimg_7466_cr2_embedded.jpg
5042	default_embedded:adjacent_id	img_7422_cr2_shotwell.jpg	defaultimg_7421_cr2_embedded.jpg	3162528	90565	34.92	5208x3476	600x400	repo/2013/11/22/IMG_7422_CR2_shotwell.jpg	repo/2025/03/17/defaultimg_7421_cr2_embedded.jpg
5738	default_embedded:adjacent_id	img_7464_cr2_embedded.jpg	defaultimg_7465_cr2_embedded.jpg	3622194	104717	34.59	5184x3456	600x400	repo/2013/11/22/IMG_7464_CR2_embedded.jpg	repo/2025/03/17/defaultimg_7465_cr2_embedded.jpg
5094	default_embedded:adjacent_id	img_7426_cr2_embedded.jpg	defaultimg_7424_cr2_embedded.jpg	3822297	113699	33.62	5184x3456	600x400	repo/2013/11/22/IMG_7426_CR2_embedded.jpg	repo/2025/03/17/defaultimg_7424_cr2_embedded.jpg
5094	default_embedded:adjacent_id	img_7426_cr2_embedded.jpg	defaultimg_7425_cr2_embedded.jpg	3822297	114447	33.4	5184x3456	600x400	repo/2013/11/22/IMG_7426_CR2_embedded.jpg	repo/2025/03/17/defaultimg_7425_cr2_embedded.jpg
5735	default_embedded:adjacent_id	img_7460_cr2_embedded.jpg	defaultimg_7459_cr2_embedded.jpg	4194771	125982	33.3	5184x3456	600x400	repo/2013/11/22/IMG_7460_CR2_embedded.jpg	repo/2025/03/17/defaultimg_7459_cr2_embedded.jpg
5735	default_embedded:adjacent_id	img_7460_cr2_embedded.jpg	defaultimg_7461_cr2_embedded.jpg	4194771	125962	33.3	5184x3456	600x400	repo/2013/11/22/IMG_7460_CR2_embedded.jpg	repo/2025/03/17/defaultimg_7461_cr2_embedded.jpg
5735	default_embedded:adjacent_id	img_7460_cr2_embedded.jpg	defaultimg_7458_cr2_embedded.jpg	4194771	126034	33.28	5184x3456	600x400	repo/2013/11/22/IMG_7460_CR2_embedded.jpg	repo/2025/03/17/defaultimg_7458_cr2_embedded.jpg
5732	default_embedded:adjacent_id	img_7455_cr2_embedded_1.jpg	defaultimg_7454_cr2_embedded.jpg	3849406	117398	32.79	5184x3456	600x400	repo/2013/11/22/IMG_7455_CR2_embedded_1.jpg	repo/2025/03/17/defaultimg_7454_cr2_embedded.jpg
8585	timestamp_rendition:adjacent_id	img_20191124_141043.jpg	20191124-141038-3.jpg	8849422	629013	14.07	4000x3000	1066x800	repo/2019/11/24/IMG_20191124_141043.jpg	repo/2019/11/24/20191124-141038-3.jpg
